{"cameraMode":{"drawMode":0,"name":"Shaded","section":"Shading Mode"},"sceneLighting":true,"audioPlay":false,"sceneViewState":{"m_AlwaysRefresh":false,"showFog":true,"showSkybox":true,"showFlares":true,"showImageEffects":true,"showParticleSystems":true,"showVisualEffectGraphs":true,"m_FxEnabled":true},"in2DMode":false,"pivot":{"x":145.5497589111328,"y":-4.9957966804504398,"z":676.91162109375},"rotation":{"x":0.010805738158524037,"y":-0.06296144425868988,"z":0.0004173867928329855,"w":0.9980502128601074},"size":266.0844421386719,"orthographic":false}