{"cameraMode":{"drawMode":0,"name":"Shaded","section":"Shading Mode"},"sceneLighting":true,"audioPlay":false,"sceneViewState":{"m_AlwaysRefresh":false,"showFog":true,"showSkybox":true,"showFlares":true,"showImageEffects":true,"showParticleSystems":true,"showVisualEffectGraphs":true,"m_FxEnabled":false},"in2DMode":false,"pivot":{"x":234.47268676757813,"y":6.1264472007751469,"z":293.8888244628906},"rotation":{"x":0.008636727929115296,"y":0.4117475152015686,"z":-0.003956740256398916,"w":0.9113096594810486},"size":4.62541389465332,"orthographic":false}