{"cameraMode":{"drawMode":0,"name":"Shaded","section":"Shading Mode"},"sceneLighting":true,"audioPlay":false,"sceneViewState":{"m_AlwaysRefresh":false,"showFog":true,"showSkybox":true,"showFlares":true,"showImageEffects":true,"showParticleSystems":true,"showVisualEffectGraphs":true,"m_FxEnabled":true},"in2DMode":false,"pivot":{"x":268.45062255859377,"y":5.068889617919922,"z":565.0313720703125},"rotation":{"x":-0.044595904648303989,"y":-0.30367541313171389,"z":-0.015209261327981949,"w":0.9521426558494568},"size":12.8222017288208,"orthographic":false}