{"cameraMode":{"drawMode":0,"name":"Shaded","section":"Shading Mode"},"sceneLighting":true,"audioPlay":false,"sceneViewState":{"m_AlwaysRefresh":false,"showFog":true,"showSkybox":true,"showFlares":true,"showImageEffects":true,"showParticleSystems":true,"showVisualEffectGraphs":true,"m_FxEnabled":true},"in2DMode":false,"pivot":{"x":258.6114196777344,"y":10.345898628234864,"z":170.28494262695313},"rotation":{"x":0.0673675611615181,"y":-0.23131968080997468,"z":0.01605966128408909,"w":0.9704224467277527},"size":1.4099879264831544,"orthographic":false}