{"cameraMode":{"drawMode":0,"name":"Shaded","section":"Shading Mode"},"sceneLighting":true,"audioPlay":false,"sceneViewState":{"m_AlwaysRefresh":false,"showFog":true,"showSkybox":true,"showFlares":true,"showImageEffects":true,"showParticleSystems":true,"showVisualEffectGraphs":true,"m_FxEnabled":false},"in2DMode":false,"pivot":{"x":225.39549255371095,"y":11.173810005187989,"z":266.87811279296877},"rotation":{"x":-0.13987620174884797,"y":0.6386796832084656,"z":-0.11947423219680786,"w":-0.7472261786460877},"size":3.588017702102661,"orthographic":false}