{"cameraMode":{"drawMode":0,"name":"Shaded","section":"Shading Mode"},"sceneLighting":false,"audioPlay":false,"sceneViewState":{"m_AlwaysRefresh":false,"showFog":true,"showSkybox":false,"showFlares":true,"showImageEffects":true,"showParticleSystems":true,"showVisualEffectGraphs":true,"m_FxEnabled":true},"in2DMode":false,"pivot":{"x":7.43707799911499,"y":0.3150617480278015,"z":14.42855453491211},"rotation":{"x":-0.002042571548372507,"y":1.0001623630523682,"z":-0.014370203018188477,"w":-0.01820007711648941},"size":1.0049189329147339,"orthographic":false}