{"cameraMode":{"drawMode":0,"name":"Shaded","section":"Shading Mode"},"sceneLighting":false,"audioPlay":false,"sceneViewState":{"m_AlwaysRefresh":false,"showFog":true,"showSkybox":false,"showFlares":true,"showImageEffects":true,"showParticleSystems":true,"showVisualEffectGraphs":true,"m_FxEnabled":true},"in2DMode":false,"pivot":{"x":-0.004152328707277775,"y":0.1448192149400711,"z":0.8747751116752625},"rotation":{"x":0.02247120998799801,"y":0.6808103322982788,"z":-0.023424675688147546,"w":0.7323291301727295},"size":0.2804388999938965,"orthographic":false}